year,month,format,sst_mean,t2m_mean,d2m_mean,wind_speed_mean,deltaT_mean,n_hours
1980,01,nc,299.58306884765625,296.7899169921875,289.2535400390625,3.7789306640625,-2.793153762817383,744
1980,02,grib,299.4921875,297.7851257324219,289.51678466796875,3.996594190597534,-1.707046627998352,696
1980,03,grib,299.9903259277344,298.9540405273437,291.5513916015625,3.827763080596924,-1.0362623929977417,744
1980,04,grib,301.2494812011719,301.1112060546875,294.9690856933594,3.1399197578430176,-0.1382502615451812,720
1980,05,grib,302.87286376953125,301.90557861328125,296.21697998046875,3.83530330657959,-0.9673099517822266,744
1980,06,grib,303.0177001953125,300.35699462890625,297.61199951171875,5.457534790039063,-2.6607043743133545,720
1980,07,nc,301.3195495605469,299.6202697753906,297.0914611816406,8.14430046081543,-1.699292540550232,744
1980,08,grib,300.9085388183594,299.02740478515625,296.7079467773437,6.6012349128723145,-1.8811397552490237,744
1980,09,grib,301.2032165527344,299.453125,296.18878173828125,3.80098032951355,-1.7500864267349243,720
1980,10,grib,301.99627685546875,300.4696655273437,294.87078857421875,2.7098143100738525,-1.5265988111495972,744
1980,11,grib,301.7891540527344,299.96728515625,292.333251953125,3.578763723373413,-1.82187294960022,720
1980,12,grib,300.1039428710937,297.3360290527344,289.06414794921875,3.4429407119750977,-2.767942428588867,744
1981,01,nc,299.4095153808594,296.5677795410156,288.81463623046875,3.883219957351685,-2.8417673110961914,744
1981,02,grib,299.2156677246094,297.81451416015625,289.2166442871094,3.6202330589294434,-1.4011656045913696,672
1981,03,grib,300.3007507324219,299.2652587890625,291.3072509765625,3.5093793869018555,-1.035502791404724,744
1981,04,grib,301.6051940917969,300.82635498046875,294.0400085449219,3.771738767623901,-0.778877317905426,720
1981,05,grib,302.8039245605469,301.842529296875,295.95819091796875,4.103501319885254,-0.9614115357398988,744
1981,06,grib,302.36358642578125,300.7936706542969,297.427001953125,5.299728393554688,-1.569911003112793,720
1981,07,nc,301.3832702636719,299.4934387207031,297.0504455566406,7.827446460723877,-1.8898115158081052,744
1981,08,grib,300.48077392578125,298.9896850585937,296.49053955078125,7.466533184051514,-1.4910813570022583,744
1981,09,grib,301.5859680175781,299.5859069824219,296.6535339355469,3.1891191005706787,-2.0000927448272705,720
1981,10,grib,302.1503295898437,300.27978515625,294.68524169921875,3.2031712532043457,-1.8705815076828003,744
1981,11,grib,300.6637878417969,298.35711669921875,290.3154602050781,3.919321775436402,-2.306655168533325,720
1981,12,grib,299.5708312988281,297.4292297363281,289.5545349121094,3.5695393085479736,-2.141606092453003,744
1982,01,nc,299.0619201660156,296.5080261230469,289.8893737792969,3.044443130493164,-2.5538625717163086,744
1982,02,grib,299.0830993652344,297.0565490722656,289.73114013671875,3.8817644119262695,-2.0265510082244877,672
1982,03,grib,299.7533264160156,298.5296936035156,290.51226806640625,3.975903034210205,-1.2236196994781494,744
1982,04,grib,300.31329345703125,299.6939697265625,294.1048583984375,3.7678840160369873,-0.6193212866783142,720
1982,05,grib,302.255126953125,301.4167175292969,295.9599304199219,3.700746536254883,-0.8384354114532471,744
1982,06,grib,303.06463623046875,301.231689453125,297.59014892578125,5.519400596618652,-1.8329695463180544,720
1982,07,nc,302.0116271972656,299.8868713378906,297.3448486328125,7.028140544891357,-2.124760389328003,744
1982,08,grib,301.09088134765625,299.1999206542969,296.83013916015625,7.767282962799072,-1.8909590244293213,744
1982,09,grib,301.3441467285156,299.3231201171875,296.1829528808594,3.385080337524414,-2.0210189819335938,720
1982,10,grib,302.9172058105469,300.9602966308594,295.8113708496094,2.315295696258545,-1.956886887550354,744
1982,11,grib,301.3906555175781,299.1374816894531,293.6596069335937,3.58886456489563,-2.2531778812408447,720
1982,12,grib,300.259521484375,298.0765380859375,290.572998046875,3.604241371154785,-2.182981014251709,744
1983,01,nc,298.8887634277344,296.3995666503906,288.7278747558594,3.952603816986084,-2.4892067909240723,744
1983,02,grib,298.9036560058594,296.2330627441406,287.9407043457031,4.099841117858887,-2.6705658435821533,672
1983,03,grib,299.3406066894531,297.9975280761719,290.3895874023437,4.109669208526611,-1.3430927991867063,744
1983,04,grib,300.0200500488281,299.37213134765625,292.8463134765625,4.232943534851074,-0.6479004621505737,720
1983,05,grib,302.0904846191406,301.44439697265625,296.12139892578125,4.438005447387695,-0.6461120247840881,744
1983,06,grib,302.47296142578125,301.20037841796875,297.5184326171875,5.667520523071289,-1.2725491523742676,720
1983,07,nc,301.8079528808594,299.8752136230469,297.5932312011719,6.622790813446045,-1.9327346086502075,744
1983,08,grib,301.2511901855469,299.5064392089844,297.3135986328125,6.444289207458496,-1.7447339296340942,744
1983,09,grib,301.5553894042969,299.3876647949219,296.8581237792969,4.002979755401611,-2.1677260398864746,720
1983,10,grib,301.4243469238281,299.70953369140625,294.48602294921875,3.8800582885742183,-1.7148152589797974,744
1983,11,grib,300.4687805175781,298.4994812011719,289.6988830566406,3.4206631183624268,-1.969326734542847,720
1983,12,grib,299.3169860839844,297.1697082519531,289.4745788574219,4.063995838165283,-2.147292375564575,744
1984,01,nc,298.4052429199219,295.6547241210937,287.70281982421875,3.9656922817230233,-2.750478744506836,744
1984,02,grib,298.1222839355469,296.6801452636719,287.9333801269531,5.093441009521484,-1.4421281814575195,696
1984,03,grib,299.9193420410156,299.89068603515625,291.5516357421875,3.619227170944214,-0.0286620762199163,744
1984,04,grib,301.4826965332031,301.07293701171875,294.5852355957031,3.38637924194336,-0.4097351133823395,720
1984,05,grib,302.5655212402344,301.83349609375,296.2778625488281,4.874359130859375,-0.732006847858429,744
1984,06,grib,301.61895751953125,300.2352294921875,297.3120422363281,7.142828941345215,-1.383711576461792,720
1984,07,nc,300.6003112792969,299.2044372558594,296.5687866210937,7.254873752593994,-1.3958507776260376,744
1984,08,grib,299.849365234375,298.5927734375,296.06622314453125,7.81143856048584,-1.2565624713897705,744
1984,09,grib,299.9232788085937,298.7205810546875,295.67559814453125,4.984745979309082,-1.2027331590652466,720
1984,10,grib,301.32781982421875,299.6943054199219,294.6913146972656,2.9057929515838623,-1.6335134506225586,744
1984,11,grib,301.1276550292969,299.1206359863281,290.1038818359375,3.7403509616851807,-2.0069754123687744,720
1984,12,grib,299.8822326660156,297.875244140625,289.9426574707031,3.948809146881104,-2.007030248641968,744
1985,01,nc,298.9259948730469,296.6773376464844,288.8495178222656,3.953204393386841,-2.248661518096924,744
1985,02,grib,299.41259765625,297.5457763671875,288.2908630371094,4.218571186065674,-1.8668327331542969,672
1985,03,grib,300.0936584472656,299.6676025390625,292.2779235839844,3.809724807739258,-0.426091194152832,744
1985,04,grib,301.2704162597656,300.3902893066406,293.6897277832031,4.170083045959473,-0.8801317811012268,720
1985,05,grib,301.8332824707031,301.2643127441406,296.4217529296875,4.625689029693604,-0.5689878463745117,744
1985,06,grib,302.13848876953125,300.3604736328125,297.2481994628906,6.848513603210449,-1.7780131101608276,720
1985,07,nc,300.73028564453125,299.16815185546875,296.6214599609375,7.604748249053955,-1.5621408224105835,744
1985,08,grib,300.328125,298.881591796875,296.363037109375,6.822799205780029,-1.4465293884277344,744
1985,09,grib,300.9295654296875,299.2037353515625,295.826171875,3.790615797042847,-1.725816011428833,720
1985,10,grib,301.1016540527344,299.3841552734375,294.01080322265625,3.0107710361480717,-1.717484712600708,744
1985,11,grib,300.5281982421875,298.6223449707031,290.7449951171875,3.028704166412353,-1.905858039855957,720
1985,12,grib,299.834228515625,297.7933959960937,290.1351928710937,3.546192407608032,-2.0408339500427246,744
1986,01,nc,299.3321228027344,296.8248596191406,288.88726806640625,3.397452116012573,-2.507301092147827,744
1986,02,grib,299.4010314941406,297.2972412109375,288.6766357421875,3.686520576477051,-2.1037845611572266,672
1986,03,grib,300.2811584472656,299.3887023925781,291.4909362792969,3.9570791721344,-0.8924723267555237,744
1986,04,grib,301.6909484863281,301.0844116210937,294.5294189453125,3.890815973281861,-0.6065579056739807,720
1986,05,grib,302.31610107421875,301.5953369140625,296.11676025390625,4.888597965240479,-0.7207816243171692,744
1986,06,grib,302.8426818847656,300.781982421875,297.6048278808594,6.015949726104736,-2.06071138381958,720
1986,07,nc,301.0116882324219,299.5403137207031,296.7125244140625,7.885625839233398,-1.471355438232422,744
1986,08,grib,300.38250732421875,298.8244934082031,296.00244140625,6.993139266967773,-1.5580240488052368,744
1986,09,grib,300.964111328125,299.4159240722656,295.8954162597656,4.245875835418701,-1.5481703281402588,720
1986,10,grib,301.4668884277344,300.26934814453125,294.2080383300781,3.379326343536377,-1.197532057762146,744
1986,11,grib,301.0343322753906,299.3108215332031,292.30108642578125,2.767533779144287,-1.7235487699508667,720
1986,12,grib,299.34967041015625,296.79656982421875,289.03680419921875,3.7186813354492183,-2.553100347518921,744
1987,01,nc,298.8575744628906,296.9544982910156,289.40948486328125,3.600886821746826,-1.903040885925293,744
1987,02,grib,299.415283203125,297.6137084960937,289.02789306640625,3.613590002059937,-1.801533818244934,672
1987,03,grib,299.9012145996094,299.2278747558594,291.5896301269531,3.754149675369263,-0.6733323335647583,744
1987,04,grib,300.70916748046875,300.5749816894531,293.71197509765625,4.022454261779785,-0.1341539621353149,720
1987,05,grib,302.5033874511719,301.5604248046875,295.8661499023437,3.666961431503296,-0.9429813623428344,744
1987,06,grib,302.4860534667969,300.99908447265625,297.5370178222656,5.220130920410156,-1.4869935512542725,720
1987,07,nc,302.2662658691406,300.2235412597656,297.4772644042969,6.977311134338379,-2.042726516723633,744
1987,08,grib,301.5115661621094,299.7281494140625,297.2311096191406,6.60788631439209,-1.78345787525177,744
1987,09,grib,301.5872497558594,300.0542907714844,296.7260437011719,4.265529155731201,-1.5329574346542358,720
1987,10,grib,302.4471740722656,300.791015625,295.3105163574219,2.4214541912078857,-1.656156301498413,744
1987,11,grib,302.37939453125,300.3291320800781,293.2056884765625,3.02394962310791,-2.0502560138702397,720
1987,12,grib,301.0645446777344,298.4198913574219,290.90826416015625,3.654224634170532,-2.644648313522339,744
1988,01,nc,300.4487609863281,297.988525390625,289.956298828125,3.312773942947388,-2.46022367477417,744
1988,02,grib,300.3613586425781,298.14776611328125,290.1460266113281,3.6357176303863525,-2.2135841846466064,696
1988,03,grib,300.46405029296875,298.8940124511719,291.1419982910156,3.7783379554748535,-1.5700427293777466,744
1988,04,grib,301.65606689453125,300.97607421875,294.8041687011719,3.1751437187194824,-0.6799964308738708,720
1988,05,grib,302.7961730957031,301.96832275390625,296.5770568847656,4.70859432220459,-0.8278989195823669,744
1988,06,grib,302.7821655273437,301.0934753417969,297.71954345703125,5.40004825592041,-1.6887067556381226,720
1988,07,nc,302.24468994140625,299.8126220703125,297.4110717773437,7.602371215820312,-2.432044506072998,744
1988,08,grib,301.3137512207031,299.52276611328125,297.0501403808594,6.097225666046143,-1.7910038232803345,744
1988,09,grib,301.8094177246094,299.6856689453125,296.9496765136719,3.957295417785645,-2.123764991760254,720
1988,10,grib,301.8650817871094,300.0572814941406,294.0188293457031,3.354379653930664,-1.807831168174744,744
1988,11,grib,300.8895263671875,299.0893249511719,290.3658752441406,3.4875173568725586,-1.800233006477356,720
1988,12,grib,300.4010925292969,297.79156494140625,289.8939514160156,3.494675397872925,-2.6095378398895264,744
1989,01,nc,299.1954040527344,296.7349548339844,288.75982666015625,4.205091953277588,-2.460440397262573,744
1989,02,grib,299.42584228515625,297.4740600585937,288.2986755371094,4.567539215087891,-1.9517920017242432,672
1989,03,grib,299.6175231933594,298.613037109375,291.53338623046875,3.9311838150024414,-1.0044748783111572,744
1989,04,grib,301.0048522949219,300.4967956542969,293.4903259277344,3.9105641841888423,-0.5080578923225403,720
1989,05,grib,301.92071533203125,301.3667297363281,295.9947204589844,4.649783134460449,-0.5540066361427307,744
1989,06,grib,301.9051208496094,300.13323974609375,297.38818359375,5.901809215545654,-1.7718803882598877,720
1989,07,nc,300.9866943359375,299.4616394042969,296.9034423828125,7.172893524169922,-1.5250693559646606,744
1989,08,grib,300.15582275390625,298.7662658691406,296.3768615722656,7.01088809967041,-1.3895598649978638,744
1989,09,grib,300.98284912109375,299.157470703125,296.184326171875,3.40596866607666,-1.8254108428955078,720
1989,10,grib,302.24627685546875,300.38916015625,295.0623474121094,3.1859543323516846,-1.857132077217102,744
1989,11,grib,301.7199401855469,300.03302001953125,292.6372375488281,3.109623908996582,-1.6869062185287476,720
1989,12,grib,300.3968811035156,297.7137451171875,289.477783203125,3.3378453254699707,-2.68315052986145,744
1990,01,nc,299.7706604003906,297.976806640625,289.55377197265625,3.98000693321228,-1.7938616275787354,744
1990,02,grib,300.3026733398437,297.7996520996094,289.6681213378906,3.5897862911224365,-2.503007173538208,672
1990,03,grib,299.91778564453125,298.2618103027344,290.4720764160156,3.459559202194214,-1.655992865562439,744
1990,04,grib,300.7030944824219,299.95806884765625,293.8895263671875,3.9481852054595943,-0.7450234889984131,720
1990,05,grib,302.20269775390625,301.0487060546875,297.0838928222656,4.488419532775879,-1.1539992094039917,744
1990,06,grib,302.5650634765625,300.6940612792969,297.4286804199219,6.657149314880371,-1.870994448661804,720
1990,07,nc,300.9058532714844,299.4703063964844,296.8392944335937,8.52817153930664,-1.4355591535568235,744
1990,08,grib,299.8587341308594,298.69171142578125,296.505126953125,7.3155341148376465,-1.1670036315917969,744
1990,09,grib,300.9208679199219,298.9857788085937,296.1988830566406,4.7728190422058105,-1.9351040124893188,720
1990,10,grib,301.6907653808594,299.90789794921875,295.5543212890625,3.0079092979431152,-1.7828940153121948,744
1990,11,grib,301.6322631835937,299.70172119140625,293.3793334960937,3.311020851135254,-1.930508255958557,720
1990,12,grib,300.5226745605469,298.0802307128906,291.006103515625,3.556005954742432,-2.4424519538879395,744
1991,01,nc,299.06494140625,296.4081420898437,288.5370788574219,4.349090099334717,-2.6567790508270264,744
1991,02,grib,299.349365234375,297.20758056640625,288.9485778808594,3.973910331726074,-2.141779661178589,672
1991,03,grib,300.1277770996094,299.1606750488281,291.9650573730469,3.53387713432312,-0.9671249389648438,744
1991,04,grib,301.20025634765625,300.49072265625,294.8617553710937,3.363288402557373,-0.7095154523849487,720
1991,05,grib,302.488525390625,301.7362670898437,296.7742614746094,3.833035469055176,-0.7522979974746704,744
1991,06,grib,302.41033935546875,301.1642761230469,298.01922607421875,6.226726055145264,-1.2460466623306274,720
1991,07,nc,301.4750671386719,299.6303100585937,297.16754150390625,8.247915267944336,-1.8447662591934204,744
1991,08,grib,300.4610290527344,298.9346618652344,296.4206237792969,7.352205753326416,-1.5263612270355225,744
1991,09,grib,300.8622436523437,299.2581787109375,295.9783020019531,3.685065984725952,-1.6040433645248413,720
1991,10,grib,301.5824584960937,300.19146728515625,294.2018737792969,2.943143129348755,-1.390982985496521,744
1991,11,grib,301.07049560546875,299.36871337890625,292.7714538574219,2.9655747413635254,-1.701777696609497,720
1991,12,grib,299.9195556640625,297.15338134765625,289.0745849609375,3.651988029479981,-2.7661571502685547,744
1992,01,nc,299.0553894042969,296.722900390625,288.8671264648437,3.5954840183258057,-2.332491397857666,744
1992,02,grib,298.9312438964844,296.4044189453125,288.4751281738281,4.256003379821777,-2.5268611907958984,696
1992,03,grib,299.15008544921875,298.57501220703125,290.8759155273437,4.302844524383545,-0.5750734210014343,744
1992,04,grib,300.4342346191406,299.9073486328125,293.1943054199219,4.277374744415283,-0.5268723368644714,720
1992,05,grib,301.996826171875,301.3881530761719,295.9562683105469,4.333509922027588,-0.6086797118186951,744
1992,06,grib,302.44293212890625,301.2924194335937,297.2935485839844,5.562150955200195,-1.150503158569336,720
1992,07,nc,301.5225524902344,299.90020751953125,297.2328796386719,7.052096366882324,-1.6223762035369873,744
1992,08,grib,300.8389587402344,299.0716857910156,296.7103576660156,6.4549407958984375,-1.7672537565231323,744
1992,09,grib,301.334228515625,299.58770751953125,296.1199645996094,4.672942638397217,-1.7465457916259766,720
1992,10,grib,301.58367919921875,299.8642578125,294.9693298339844,2.9823904037475586,-1.7194243669509888,744
1992,11,grib,300.89532470703125,299.5693054199219,292.6361999511719,3.79698657989502,-1.3259987831115725,720
1992,12,grib,300.2957763671875,297.99822998046875,290.21246337890625,2.980616331100464,-2.2975378036499023,744
1993,01,nc,299.5623779296875,297.23077392578125,289.4269104003906,4.3849382400512695,-2.3315908908843994,744
1993,02,grib,299.45025634765625,297.7284851074219,289.20977783203125,3.658291816711426,-1.7217614650726318,672
1993,03,grib,299.7430419921875,298.5702209472656,290.8232421875,3.540414810180664,-1.172816276550293,744
1993,04,grib,300.6432189941406,300.10662841796875,293.70037841796875,3.8157575130462646,-0.5365778207778931,720
1993,05,grib,302.21844482421875,301.54498291015625,296.36590576171875,4.39152193069458,-0.6734643578529358,744
1993,06,grib,302.57257080078125,301.1409606933594,297.72882080078125,5.520200252532959,-1.4316160678863523,720
1993,07,nc,301.8695068359375,299.9847106933594,297.406005859375,7.636160850524902,-1.8848105669021609,744
1993,08,grib,300.7840270996094,299.28472900390625,296.7640991210937,6.586344242095947,-1.4992828369140625,744
1993,09,grib,301.1781311035156,299.2074279785156,296.28662109375,4.910994529724121,-1.970730781555176,720
1993,10,grib,302.1744384765625,300.0783386230469,296.1705627441406,2.625478029251098,-2.09609603881836,744
1993,11,grib,301.4381408691406,299.5218200683594,292.7597045898437,3.644357681274414,-1.91633939743042,720
1993,12,grib,299.8960266113281,297.5577087402344,290.5081787109375,3.343002796173096,-2.3382928371429443,744
1994,01,nc,299.8260803222656,297.2520446777344,289.817138671875,3.605893611907959,-2.5739870071411133,744
1994,02,grib,299.0774841308594,297.0223693847656,288.6891174316406,4.10258674621582,-2.0551247596740723,672
1994,03,grib,300.1851501464844,299.87213134765625,292.6094970703125,3.648158550262451,-0.3130187094211578,744
1994,04,grib,301.3148498535156,300.2148742675781,294.0033569335937,3.5803921222686768,-1.0999562740325928,720
1994,05,grib,302.25885009765625,301.42138671875,296.1425476074219,4.464024066925049,-0.8374810814857483,744
1994,06,grib,302.0780334472656,300.57183837890625,297.663330078125,6.935670375823975,-1.5061854124069214,720
1994,07,nc,300.9309997558594,299.34088134765625,296.9648132324219,8.764344215393066,-1.590129256248474,744
1994,08,grib,300.3275451660156,298.98175048828125,296.4682312011719,7.629336833953857,-1.3457801342010498,744
1994,09,grib,300.7373352050781,298.9678039550781,295.2896728515625,4.897345066070557,-1.7695269584655762,720
1994,10,grib,301.86041259765625,300.3576965332031,295.2388000488281,2.3157801628112797,-1.502721667289734,744
1994,11,grib,301.3398742675781,299.4684753417969,292.5240783691406,3.49887490272522,-1.871405839920044,720
1994,12,grib,299.74371337890625,297.1342468261719,289.0599975585937,3.995157241821289,-2.6094367504119877,744
1995,01,nc,298.8739013671875,296.0846252441406,288.0718688964844,4.140924453735352,-2.7892768383026123,744
1995,02,grib,299.2611999511719,297.49322509765625,289.9773864746094,3.6563472747802734,-1.7679561376571655,672
1995,03,grib,299.32061767578125,298.5571594238281,291.1367492675781,4.038262367248535,-0.7634723782539368,744
1995,04,grib,300.7713317871094,300.4612121582031,293.461181640625,3.71221661567688,-0.3101275265216827,720
1995,05,grib,302.0547790527344,301.529052734375,296.3621826171875,4.297473430633545,-0.5256828665733337,744
1995,06,grib,302.9331359863281,301.634765625,297.74468994140625,5.41745138168335,-1.298375964164734,720
1995,07,nc,301.3736877441406,299.804443359375,297.3785705566406,7.264632701873779,-1.569200038909912,744
1995,08,grib,300.7333984375,299.52996826171875,297.0831298828125,5.83255672454834,-1.203412413597107,744
1995,09,grib,301.62847900390625,299.7012023925781,296.5177001953125,4.240975379943848,-1.927274703979492,720
1995,10,grib,302.2747802734375,300.62652587890625,295.96600341796875,3.387234687805176,-1.6482322216033936,744
1995,11,grib,301.174560546875,299.2937927246094,291.51171875,3.137533187866211,-1.8807477951049805,720
1995,12,grib,300.1038818359375,297.84039306640625,290.6439819335937,3.428964853286743,-2.26350474357605,744
1996,01,nc,299.2828369140625,296.9566650390625,290.0028076171875,3.7985386848449703,-2.326172113418579,744
1996,02,grib,299.4169006347656,297.911376953125,290.0594482421875,3.6865501403808594,-1.5055019855499268,696
1996,03,grib,300.5261535644531,300.0254211425781,292.6684875488281,3.804992437362671,-0.5007343292236328,744
1996,04,grib,301.0426940917969,300.383544921875,294.00421142578125,4.081198692321777,-0.6591317653656006,720
1996,05,grib,302.30340576171875,301.3621826171875,295.7610168457031,4.53107500076294,-0.941259741783142,744
1996,06,grib,302.15985107421875,300.8891296386719,297.5699157714844,5.345883369445801,-1.2707061767578125,720
1996,07,nc,300.8937683105469,299.4320373535156,296.9980163574219,7.128819465637207,-1.4617410898208618,744
1996,08,grib,300.0145263671875,298.8089904785156,296.3287658691406,6.504558563232422,-1.2055284976959229,744
1996,09,grib,301.0744934082031,299.2798156738281,296.2709045410156,3.8227193355560303,-1.7946298122406006,720
1996,10,grib,301.2397155761719,299.5639343261719,294.9692687988281,3.952329874038696,-1.6757676601409912,744
1996,11,grib,300.22491455078125,298.3945007324219,292.1340026855469,3.6314752101898193,-1.8304322957992556,720
1996,12,grib,300.17584228515625,297.9205627441406,290.5409851074219,3.873693227767944,-2.255276679992676,744
1997,01,nc,299.4934997558594,296.48974609375,288.27569580078125,3.886376142501831,-3.0037388801574707,744
1997,02,grib,298.66265869140625,296.7120056152344,288.3553771972656,3.875255823135376,-1.9506280422210691,672
1997,03,grib,299.9164428710937,299.45660400390625,291.847900390625,3.7660083770751953,-0.45986407995224,744
1997,04,grib,301.4008178710937,299.8992919921875,293.1833801269531,3.561896800994873,-1.5015202760696411,720
1997,05,grib,302.1712341308594,301.1738586425781,295.3917236328125,4.375499248504639,-0.9973583221435548,744
1997,06,grib,302.72119140625,300.6256103515625,297.5413513183594,5.820472717285156,-2.095547199249268,720
1997,07,nc,301.8049621582031,300.05548095703125,297.5978698730469,7.902939796447754,-1.7494611740112305,744
1997,08,grib,301.0907592773437,299.42041015625,296.9578857421875,7.479055881500244,-1.6703516244888306,744
1997,09,grib,301.7727966308594,299.6322631835937,296.1888122558594,3.596348285675049,-2.1405324935913086,720
1997,10,grib,302.394775390625,300.5547180175781,295.06475830078125,2.42083477973938,-1.8400678634643557,744
1997,11,grib,302.4156799316406,300.03790283203125,294.3285217285156,2.653584241867065,-2.3777875900268555,720
1997,12,grib,300.6476135253906,297.2323303222656,290.9843444824219,3.5499563217163086,-3.4153075218200684,744
1998,01,nc,300.23028564453125,297.1645812988281,290.0414733886719,3.6008126735687256,-3.0657384395599365,744
1998,02,grib,299.7645568847656,297.3877258300781,289.2200622558594,4.048954010009766,-2.376819372177124,672
1998,03,grib,299.6878662109375,298.7284240722656,291.45672607421875,3.52055025100708,-0.9594646096229552,744
1998,04,grib,301.9707336425781,301.3142395019531,294.9086303710937,3.82721757888794,-0.656511127948761,720
1998,05,grib,303.4250183105469,302.73492431640625,297.11260986328125,4.293094635009766,-0.6901075839996338,744
1998,06,grib,303.04266357421875,301.4106140136719,297.9756164550781,5.777425765991211,-1.6320326328277588,720
1998,07,nc,301.7538757324219,300.0696716308594,297.51568603515625,6.9671311378479,-1.6842063665390017,744
1998,08,grib,301.4853820800781,299.90887451171875,297.3630065917969,5.631668567657471,-1.5765132904052734,744
1998,09,grib,301.92169189453125,299.9736022949219,296.9420471191406,4.494231700897217,-1.9481048583984373,720
1998,10,grib,302.0602722167969,300.03765869140625,295.8788452148437,3.6192703247070312,-2.02262544631958,744
1998,11,grib,301.5050354003906,299.3614501953125,292.92919921875,2.9242053031921387,-2.1435742378234863,720
1998,12,grib,299.99249267578125,297.7065124511719,289.9131774902344,3.873147964477539,-2.285973072052002,744
1999,01,nc,299.1669006347656,296.33819580078125,288.4950561523437,3.86150860786438,-2.8287124633789062,744
1999,02,grib,299.53472900390625,298.33502197265625,291.1835327148437,3.6949691772460938,-1.199711799621582,672
1999,03,grib,300.0890808105469,299.55242919921875,291.47857666015625,4.233335971832275,-0.5366211533546448,744
1999,04,grib,301.5274353027344,300.7290344238281,294.5739440917969,3.9776155948638916,-0.798372745513916,720
1999,05,grib,302.268310546875,301.052734375,296.15179443359375,4.548091888427734,-1.2155722379684448,744
1999,06,grib,301.92791748046875,300.1835021972656,297.1813049316406,6.22358512878418,-1.7444418668746948,720
1999,07,nc,300.94989013671875,299.4813537597656,296.9437255859375,7.75926399230957,-1.4685455560684204,744
1999,08,grib,300.7605895996094,299.2720642089844,296.58001708984375,6.543154716491699,-1.4885436296463013,744
1999,09,grib,301.5404052734375,299.39788818359375,296.38641357421875,4.621217727661133,-2.1425232887268066,720
1999,10,grib,302.1944580078125,300.1781005859375,295.3554992675781,3.008025884628296,-2.0163686275482178,744
1999,11,grib,301.31414794921875,299.444580078125,291.9033508300781,3.6422674655914307,-1.8696014881134033,720
1999,12,grib,299.9258117675781,297.505126953125,289.45269775390625,3.633012294769287,-2.4206535816192627,744
2000,01,nc,299.7533874511719,297.3748779296875,289.7201232910156,4.0561628341674805,-2.3785085678100586,744
2000,02,grib,299.1348571777344,296.7728576660156,288.89813232421875,3.5280890464782715,-2.361994981765747,696
2000,03,grib,299.5871276855469,298.4707336425781,290.4381103515625,3.5106682777404785,-1.116409420967102,744
2000,04,grib,301.481201171875,300.7642822265625,295.00018310546875,4.024476528167725,-0.7168992757797241,720
2000,05,grib,302.3656921386719,301.0438232421875,296.6061706542969,4.61082649230957,-1.3218908309936523,744
2000,06,grib,302.3536071777344,300.478515625,297.49981689453125,5.83452033996582,-1.8750851154327397,720
2000,07,nc,301.25860595703125,299.59423828125,296.76983642578125,7.603568077087402,-1.664345383644104,744
2000,08,grib,301.0395812988281,299.4745483398437,296.71649169921875,6.369440078735352,-1.5650683641433716,744
2000,09,grib,301.5176086425781,299.8395080566406,296.3760986328125,3.9716451168060303,-1.6781046390533447,720
2000,10,grib,302.7154846191406,300.7013244628906,295.9716186523437,2.2655837535858154,-2.014145612716675,744
2000,11,grib,301.9219055175781,299.9880676269531,292.25732421875,3.2372891902923584,-1.933839201927185,720
2000,12,grib,300.27734375,297.8959350585937,289.0364990234375,3.68401837348938,-2.381394863128662,744
2001,01,nc,299.4002685546875,296.9627990722656,289.00494384765625,4.239725589752197,-2.4374797344207764,744
2001,02,grib,299.1854553222656,297.28497314453125,289.0161437988281,4.087900161743164,-1.900509595870972,672
2001,03,grib,299.89019775390625,298.4497985839844,291.69854736328125,3.653485059738159,-1.4404274225234983,744
2001,04,grib,301.45037841796875,300.9115905761719,294.228759765625,3.498486280441284,-0.538805365562439,720
2001,05,grib,302.4601745605469,301.4308166503906,296.56268310546875,5.03611421585083,-1.029350996017456,744
2001,06,grib,302.0736694335937,300.3867492675781,297.2874755859375,6.957043647766113,-1.686900973320007,720
2001,07,nc,301.02410888671875,299.31219482421875,296.8045959472656,7.744349479675293,-1.7119137048721311,744
2001,08,grib,300.591064453125,298.9887390136719,296.5782165527344,6.636044025421143,-1.6022950410842896,744
2001,09,grib,301.4037475585937,299.5941772460937,296.3884582519531,3.5202651023864746,-1.809577465057373,720
2001,10,grib,302.05059814453125,300.359130859375,295.6391296386719,3.638175010681152,-1.6915103197097778,744
2001,11,grib,302.09356689453125,300.0665283203125,292.1918334960937,3.602872610092163,-2.027003288269043,720
2001,12,grib,301.3115234375,298.5422668457031,290.45611572265625,3.800315380096436,-2.7692575454711914,744
2002,01,nc,300.1383361816406,296.6307678222656,287.9512634277344,4.184952259063721,-3.507572889328003,744
2002,02,grib,299.36822509765625,297.9227905273437,289.856201171875,4.035141944885254,-1.4453833103179932,672
2002,03,grib,300.5894775390625,299.80047607421875,292.1258544921875,3.9353883266448975,-0.7890080213546753,744
2002,04,grib,302.19586181640625,301.3280944824219,294.5585327148437,4.014514446258545,-0.8677709102630615,720
2002,05,grib,303.16314697265625,302.3487854003906,296.9556884765625,4.992918014526367,-0.8143540024757385,744
2002,06,grib,303.2709045410156,301.1412658691406,297.3768615722656,6.203811168670654,-2.1296088695526123,720
2002,07,nc,301.67559814453125,300.0707397460937,296.9339294433594,7.833281993865967,-1.60486900806427,744
2002,08,grib,300.83953857421875,299.1826171875,296.58270263671875,7.36572265625,-1.6569191217422483,744
2002,09,grib,301.35650634765625,299.3788757324219,295.96636962890625,3.816885709762573,-1.977651596069336,720
2002,10,grib,302.8519897460937,301.2395324707031,295.3476257324219,2.357980251312256,-1.612428903579712,744
2002,11,grib,302.2193603515625,300.12841796875,291.8402709960937,2.9630656242370605,-2.090967893600464,720
2002,12,grib,301.1700744628906,298.45526123046875,290.5057983398437,3.506121873855591,-2.7147862911224365,744
2003,01,nc,299.8605041503906,297.7147827148437,290.2126159667969,3.782066345214844,-2.1457295417785645,744
2003,02,grib,300.08209228515625,298.2123413085937,290.9658508300781,4.015271663665772,-1.8697305917739868,672
2003,03,grib,300.6713562011719,299.646240234375,291.2487487792969,4.247125148773193,-1.025115966796875,744
2003,04,grib,301.9234924316406,301.1492919921875,294.6714172363281,3.985763311386109,-0.7741566896438599,720
2003,05,grib,302.847412109375,301.9193420410156,295.964599609375,4.728753089904785,-0.928017795085907,744
2003,06,grib,303.04522705078125,301.04327392578125,297.70068359375,5.761138439178467,-2.001985788345337,720
2003,07,nc,302.1004638671875,299.8962707519531,297.4075622558594,6.907674312591553,-2.204197645187378,744
2003,08,grib,301.2552795410156,299.4306030273437,296.8114624023437,6.611711502075195,-1.8246656656265257,744
2003,09,grib,301.6509094238281,299.4281311035156,296.347412109375,4.886092662811279,-2.222804069519043,720
2003,10,grib,302.6793212890625,301.023193359375,294.9395751953125,2.7343993186950684,-1.6561086177825928,744
2003,11,grib,301.87860107421875,300.119873046875,293.0993957519531,2.9099771976470947,-1.7587192058563232,720
2003,12,grib,300.69805908203125,298.0333251953125,290.0369567871094,3.710047006607056,-2.664743661880493,744
2004,01,nc,300.0833740234375,297.0269775390625,289.1094055175781,3.774916887283325,-3.0564076900482178,744
2004,02,grib,299.7689514160156,298.05352783203125,289.7085876464844,4.136857509613037,-1.7154240608215332,696
2004,03,grib,301.033203125,300.6165771484375,292.2123718261719,3.671050786972046,-0.4166107177734375,744
2004,04,grib,301.9794616699219,300.9619445800781,294.96051025390625,3.8765063285827637,-1.017537236213684,720
2004,05,grib,302.8255920410156,301.8843688964844,296.5842590332031,4.318919658660889,-0.941242516040802,744
2004,06,grib,302.4693603515625,300.5810852050781,297.2906494140625,6.818263053894043,-1.8882856369018555,720
2004,07,nc,301.9013671875,299.6547241210937,296.9595642089844,6.283400058746338,-2.2466275691986084,744
2004,08,grib,300.5546875,298.9934387207031,296.3963623046875,7.97657585144043,-1.5612491369247437,744
2004,09,grib,301.6982421875,299.6416320800781,296.30450439453125,3.6041100025177,-2.0565950870513916,720
2004,10,grib,301.6434020996094,299.9566955566406,294.306396484375,3.4386281967163086,-1.6867035627365112,744
2004,11,grib,302.1673583984375,300.2448425292969,292.90478515625,3.115006446838379,-1.922493815422058,720
2004,12,grib,300.9459533691406,298.2396545410156,290.14019775390625,3.79114031791687,-2.706278085708618,744
2005,01,nc,299.5932312011719,296.5205078125,288.2846374511719,4.383825302124023,-3.0727479457855225,744
2005,02,grib,299.2930603027344,297.06390380859375,289.4301452636719,3.735128164291382,-2.2291371822357178,672
2005,03,grib,300.0724182128906,299.1065979003906,291.6112365722656,3.9568448066711426,-0.9658219814300537,744
2005,04,grib,301.8083801269531,301.2330627441406,293.73748779296875,3.223856210708618,-0.5753179788589478,720
2005,05,grib,303.18939208984375,301.9107971191406,295.73406982421875,4.0826735496521,-1.2786201238632202,744
2005,06,grib,303.287109375,301.3382873535156,297.5225524902344,5.571222305297852,-1.9488165378570557,720
2005,07,nc,301.6919250488281,299.9864196777344,297.3613586425781,7.317737102508545,-1.7054941654205322,744
2005,08,grib,300.90655517578125,299.2722473144531,296.6211853027344,6.727461814880371,-1.6343001127243042,744
2005,09,grib,301.0022888183594,299.3842468261719,296.6772155761719,5.70712423324585,-1.6180533170700073,720
2005,10,grib,301.92669677734375,300.1859436035156,294.89764404296875,2.7067551612854004,-1.7407646179199219,744
2005,11,grib,301.2135925292969,299.11444091796875,291.0802001953125,3.316662311553955,-2.0991313457489014,720
2005,12,grib,299.90411376953125,297.34332275390625,289.3277282714844,4.416059970855713,-2.5607962608337402,744
2006,01,nc,299.5501403808594,297.2338256835937,289.1298217773437,4.259400844573975,-2.3163459300994877,744
2006,02,grib,300.01031494140625,298.9721374511719,290.9363098144531,3.41663146018982,-1.0381838083267212,672
2006,03,grib,300.8341979980469,299.36260986328125,291.30181884765625,3.790151357650757,-1.4715864658355713,744
2006,04,grib,301.4792785644531,300.46148681640625,294.0819396972656,4.27012825012207,-1.0177892446517944,720
2006,05,grib,302.4515686035156,301.70245361328125,296.610595703125,4.628571510314941,-0.7491148114204407,744
2006,06,grib,302.55975341796875,300.7124328613281,297.5166015625,4.788242816925049,-1.8473446369171145,720
2006,07,nc,301.2127990722656,299.5925598144531,297.07177734375,8.949640274047852,-1.6201975345611572,744
2006,08,grib,300.53729248046875,299.0640563964844,296.6726989746094,7.956720352172852,-1.4732551574707031,744
2006,09,grib,301.64093017578125,299.7376403808594,296.6619873046875,3.791313409805298,-1.903339982032776,720
2006,10,grib,302.0401916503906,300.7023010253906,295.75164794921875,3.275887489318848,-1.3378942012786863,744
2006,11,grib,301.9862365722656,300.01806640625,293.4289855957031,3.347425699234009,-1.9681881666183472,720
2006,12,grib,300.62908935546875,298.3364562988281,291.3619689941406,3.644657850265503,-2.2926583290100098,744
2007,01,nc,299.80828857421875,297.6734619140625,290.19219970703125,4.207687377929688,-2.134842157363892,744
2007,02,grib,300.0113525390625,297.9324645996094,290.9430236816406,3.231653451919556,-2.078885316848755,672
2007,03,grib,300.3026428222656,299.6634826660156,292.0091857910156,4.11088752746582,-0.6391544342041016,744
2007,04,grib,301.8974914550781,301.21435546875,294.9195861816406,3.6123197078704834,-0.6831298470497131,720
2007,05,grib,303.12603759765625,301.9525146484375,296.3460693359375,4.005819797515869,-1.173539161682129,744
2007,06,grib,303.15380859375,301.0820007324219,297.9648742675781,5.853507995605469,-2.071820974349976,720
2007,07,nc,301.82989501953125,300.0976257324219,297.4512023925781,7.21560525894165,-1.7322630882263184,744
2007,08,grib,301.2665405273437,299.4043884277344,296.9938659667969,7.157788276672363,-1.862134575843811,744
2007,09,grib,301.8981628417969,299.8266296386719,296.83544921875,4.347816467285156,-2.071510076522827,720
2007,10,grib,301.91925048828125,300.5850830078125,294.44891357421875,3.2489826679229736,-1.334148406982422,744
2007,11,grib,301.5730895996094,299.7692565917969,292.2061767578125,3.259349584579468,-1.80381178855896,720
2007,12,grib,300.545166015625,298.4033203125,291.0695495605469,4.344005107879639,-2.1418323516845703,744
2008,01,nc,299.49981689453125,296.5640869140625,288.4434509277344,4.33799934387207,-2.9357340335845947,744
2008,02,grib,298.481689453125,296.2811584472656,288.1291809082031,4.404085636138916,-2.2005090713500977,696
2008,03,grib,299.9875793457031,299.3096923828125,292.4639892578125,3.241848945617676,-0.6778296828269958,744
2008,04,grib,301.4212341308594,300.73089599609375,294.1172180175781,3.5642619132995605,-0.690334677696228,720
2008,05,grib,302.7736511230469,301.76116943359375,296.1588439941406,4.124095439910889,-1.012473464012146,744
2008,06,grib,302.2405700683594,300.59130859375,297.4137268066406,7.359519004821777,-1.6492581367492676,720
2008,07,nc,301.32208251953125,299.7447814941406,297.0344543457031,7.153124809265137,-1.577294945716858,744
2008,08,grib,300.7898864746094,299.28070068359375,296.4805603027344,6.262618541717529,-1.509168028831482,744
2008,09,grib,301.2117919921875,299.4101257324219,296.0607604980469,4.236917972564697,-1.8017088174819946,720
2008,10,grib,302.2343444824219,300.6517028808594,294.89898681640625,3.032111644744873,-1.5826530456542969,744
2008,11,grib,301.5422058105469,300.00372314453125,293.0498352050781,3.8436906337738037,-1.538509488105774,720
2008,12,grib,301.28558349609375,298.8057556152344,292.2180480957031,3.177741527557373,-2.479801654815674,744
2009,01,nc,300.5840148925781,298.1390686035156,290.7918395996094,3.618129968643189,-2.4449429512023926,744
2009,02,grib,300.0721130371094,298.440185546875,290.43829345703125,4.0147576332092285,-1.6319496631622314,672
2009,03,grib,300.6231994628906,299.9903259277344,292.7499694824219,3.790238618850708,-0.6329064965248108,744
2009,04,grib,301.71820068359375,301.6495666503906,294.3301696777344,3.838369131088257,-0.06864073127508163,720
2009,05,grib,302.6103515625,301.797119140625,296.0924987792969,4.175273895263672,-0.8132178783416748,744
2009,06,grib,302.85296630859375,301.2994689941406,297.1834716796875,4.933322906494141,-1.5534884929656982,720
2009,07,nc,301.2550048828125,299.6522521972656,297.291748046875,8.284172058105469,-1.6027593612670898,744
2009,08,grib,301.0645751953125,299.6720275878906,296.93853759765625,5.874028205871582,-1.3925511837005615,744
2009,09,grib,302.04638671875,300.2286376953125,296.71673583984375,4.216798782348633,-1.8177586793899536,720
2009,10,grib,302.08624267578125,300.5779113769531,294.9148254394531,3.7150275707244873,-1.50832200050354,744
2009,11,grib,301.1745300292969,299.3633728027344,293.7323913574219,3.248527765274048,-1.8111692667007446,720
2009,12,grib,300.4794921875,298.1893615722656,291.4979553222656,3.509852886199951,-2.290109395980835,744
2010,01,grib,300.1490173339844,297.9476928710937,290.3870544433594,3.748528003692627,-2.20133113861084,744
2010,02,grib,300.2013244628906,298.147216796875,290.4711303710937,3.663426637649536,-2.0540874004364014,672
2010,03,grib,300.9078369140625,300.15643310546875,293.1434936523437,3.418267250061035,-0.7514088749885559,744
2010,04,grib,302.3521728515625,301.8258361816406,295.6454772949219,3.6407527923583984,-0.526336133480072,720
2010,05,grib,303.4000244140625,302.7115173339844,297.1014099121094,4.720230102539063,-0.688515305519104,744
2010,06,grib,303.4198303222656,301.3707580566406,297.9823303222656,4.64824914932251,-2.0490801334381104,720
2010,07,grib,302.0686340332031,299.89678955078125,297.48223876953125,7.056891918182373,-2.1718504428863525,744
2010,08,grib,301.38983154296875,299.6205139160156,297.1893615722656,6.133241653442383,-1.769320368766785,744
2010,09,grib,301.73358154296875,299.8497009277344,296.8586120605469,4.062270641326904,-1.883880615234375,720
2010,10,grib,302.47314453125,300.4781188964844,296.38043212890625,2.791088819503784,-1.9949902296066284,744
2010,11,grib,301.9252319335937,299.876220703125,295.48046875,3.158407211303711,-2.049018621444702,720
2010,12,grib,300.1765441894531,296.9789733886719,289.4521179199219,3.701732397079468,-3.1975767612457275,744
2011,01,grib,299.1385803222656,296.76983642578125,288.7198486328125,4.176428318023682,-2.3687729835510254,744
2011,02,grib,299.5431213378906,297.6473693847656,290.20709228515625,3.668688058853149,-1.8957582712173464,672
2011,03,grib,300.4014892578125,299.8116455078125,291.8652038574219,3.806642532348633,-0.5898550152778625,744
2011,04,grib,301.4952392578125,300.80133056640625,294.61627197265625,4.019158840179443,-0.6938726902008057,720
2011,05,grib,302.4845275878906,301.6966552734375,296.4881896972656,4.362656593322754,-0.7878753542900085,744
2011,06,grib,302.2869567871094,300.5566101074219,297.7057189941406,6.441218376159668,-1.7303550243377686,720
2011,07,grib,301.354248046875,299.5100402832031,297.2347106933594,6.591380596160889,-1.8442312479019165,744
2011,08,grib,300.8403625488281,299.3534545898437,297.0943908691406,6.612102508544922,-1.4869158267974854,744
2011,09,grib,301.266357421875,299.3844909667969,296.3221130371094,4.676788806915283,-1.8818532228469849,720
2011,10,grib,302.3443908691406,300.77130126953125,295.7705383300781,2.5258123874664307,-1.5730630159378052,744
2011,11,grib,301.9300537109375,300.3341979980469,293.3486328125,3.267897844314575,-1.5958377122879028,720
2011,12,grib,300.818359375,298.44354248046875,290.7884216308594,3.946873426437378,-2.374803304672241,744
2012,01,grib,299.2177124023437,296.0837097167969,287.83514404296875,4.36412239074707,-3.133965015411377,744
2012,02,grib,298.5907897949219,297.1619873046875,288.48895263671875,4.604957103729248,-1.4288208484649658,696
2012,03,grib,299.0609741210937,298.4535827636719,290.14337158203125,3.89579701423645,-0.6074016690254211,744
2012,04,grib,300.84197998046875,300.56036376953125,294.701171875,3.849651336669922,-0.281621903181076,720
2012,05,grib,301.5787048339844,301.21148681640625,295.6913146972656,4.53603458404541,-0.3672149777412414,744
2012,06,grib,302.32794189453125,300.7698059082031,297.5022888183594,5.374070644378662,-1.5581872463226318,720
2012,07,grib,301.7296142578125,299.9614562988281,297.29962158203125,7.129729747772217,-1.768181085586548,744
2012,08,grib,300.9649353027344,299.4474182128906,296.97296142578125,6.589550971984863,-1.517504334449768,744
2012,09,grib,301.2428894042969,299.5466613769531,296.48492431640625,5.044070720672607,-1.696219563484192,720
2012,10,grib,302.1885070800781,300.6400451660156,295.1986999511719,2.8024699687957764,-1.5484975576400757,744
2012,11,grib,301.3147277832031,299.399169921875,291.6434936523437,3.216444969177246,-1.9155490398406985,720
2012,12,grib,300.40167236328125,298.2437744140625,291.180908203125,3.5081446170806885,-2.157846212387085,744
2013,01,grib,299.6788635253906,296.842041015625,288.8280334472656,3.999723672866821,-2.8368444442749023,744
2013,02,grib,299.8834533691406,297.9664611816406,290.3104248046875,3.882059812545776,-1.9169946908950808,672
2013,03,grib,300.6884155273437,299.7936706542969,291.6470031738281,3.9285190105438232,-0.8947228789329529,744
2013,04,grib,301.29266357421875,300.6339111328125,294.00360107421875,4.054051876068115,-0.6587465405464172,720
2013,05,grib,302.6402587890625,301.885986328125,296.5557861328125,4.281555652618408,-0.7542440891265869,744
2013,06,grib,302.1669616699219,300.1614685058594,297.4130554199219,6.514224052429199,-2.005486965179444,720
2013,07,grib,300.7655334472656,299.1021423339844,296.7407531738281,8.289515495300293,-1.6633810997009275,744
2013,08,grib,300.1597900390625,298.832275390625,296.34979248046875,6.444276332855225,-1.3274893760681152,744
2013,09,grib,301.46051025390625,299.6044311523437,296.55877685546875,4.406422138214111,-1.8560590744018557,720
2013,10,grib,302.0692443847656,300.4132080078125,296.0970153808594,3.07903790473938,-1.656014084815979,744
2013,11,grib,301.5247497558594,299.7185363769531,292.73828125,3.405527114868164,-1.8062326908111568,720
2013,12,grib,300.4950561523437,297.6145935058594,290.0644226074219,3.8210718631744394,-2.880455732345581,744
2014,01,grib,299.5293273925781,296.7745666503906,289.58026123046875,3.902600288391113,-2.754727840423584,744
2014,02,grib,299.63531494140625,297.2180480957031,289.5466003417969,3.5461556911468506,-2.417274236679077,672
2014,03,grib,300.44439697265625,299.3528747558594,291.68072509765625,3.6291444301605225,-1.0915162563323977,744
2014,04,grib,301.5862121582031,300.8883361816406,294.4164123535156,3.515622615814209,-0.6978424787521362,720
2014,05,grib,302.9361267089844,301.9493408203125,296.20477294921875,3.780642986297608,-0.9868035912513732,744
2014,06,grib,302.7861633300781,301.6417541503906,297.48406982421875,6.126975059509277,-1.144442439079285,720
2014,07,grib,301.7734069824219,299.8031921386719,297.18963623046875,7.855945110321045,-1.9702062606811523,744
2014,08,grib,300.7937316894531,299.2690124511719,296.79254150390625,6.081084728240967,-1.5247238874435425,744
2014,09,grib,301.48663330078125,299.7629089355469,296.58612060546875,4.712001323699951,-1.7237060070037842,720
2014,10,grib,302.90301513671875,301.159423828125,296.0860595703125,2.7520194053649902,-1.7435846328735352,744
2014,11,grib,302.0820007324219,300.2654113769531,294.03375244140625,3.235874652862549,-1.8165900707244875,720
2014,12,grib,300.9078063964844,298.0025329589844,290.0105285644531,3.970855951309204,-2.9052600860595703,744
2015,01,grib,299.8501892089844,296.7343444824219,289.2809753417969,4.086968421936035,-3.115816116333008,744
2015,02,grib,299.8505554199219,297.9266967773437,290.7670288085937,3.402740478515625,-1.92384135723114,672
2015,03,grib,300.4672241210937,299.2856750488281,292.7309265136719,3.3991830348968506,-1.1815710067749023,744
2015,04,grib,301.8507385253906,300.772705078125,295.07666015625,3.0294034481048584,-1.078058838844299,720
2015,05,grib,303.1763000488281,302.4577941894531,296.99127197265625,4.15590238571167,-0.7184777855873108,744
2015,06,grib,302.7473449707031,300.9684143066406,297.5748596191406,6.288642883300781,-1.7789744138717651,720
2015,07,grib,301.34246826171875,300.2617492675781,297.3263854980469,7.646322727203369,-1.080697774887085,744
2015,08,grib,301.0951843261719,299.79986572265625,297.03143310546875,5.797701358795166,-1.2953215837478638,744
2015,09,grib,302.0850830078125,300.2641906738281,296.36328125,3.584358692169189,-1.8208972215652464,720
2015,10,grib,303.1791076660156,301.7311706542969,296.5777587890625,2.4611895084381104,-1.4479361772537231,744
2015,11,grib,302.5365600585937,300.932373046875,293.9667053222656,3.349090576171875,-1.6041408777236938,720
2015,12,grib,301.31903076171875,298.81219482421875,290.6711730957031,4.123799800872803,-2.5068161487579346,744
2016,01,grib,300.2572326660156,297.4762268066406,289.2851867675781,3.815961360931397,-2.7809717655181885,744
2016,02,grib,299.90240478515625,298.1039428710937,290.6004333496094,3.448870182037353,-1.7984731197357178,696
2016,03,grib,300.82342529296875,300.1766967773437,293.4912109375,3.662590503692627,-0.6466951966285706,744
2016,04,grib,301.81915283203125,301.2700500488281,295.0505065917969,4.313247203826904,-0.5490934252738953,720
2016,05,grib,303.02545166015625,302.43951416015625,297.4955139160156,4.57681131362915,-0.5859578251838684,744
2016,06,grib,302.9994506835937,301.47674560546875,297.8729553222656,5.974371433258057,-1.5226902961730957,720
2016,07,grib,301.3300476074219,299.6297607421875,297.1947326660156,7.165860652923584,-1.700295090675354,744
2016,08,grib,300.6869812011719,299.4610290527344,296.91339111328125,7.351244926452637,-1.2259780168533323,744
2016,09,grib,301.3104553222656,299.5103759765625,296.422607421875,5.1318440437316895,-1.8000974655151367,720
2016,10,grib,301.40582275390625,299.712158203125,295.029541015625,3.4556002616882324,-1.69366192817688,744
2016,11,grib,300.5782470703125,298.8756408691406,291.9425048828125,3.368750095367432,-1.7025882005691528,720
2016,12,grib,300.2175598144531,298.2287292480469,291.3387145996094,3.820645332336426,-1.9888266324996948,744
2017,01,grib,299.81005859375,297.1830444335937,289.7943115234375,3.830331563949585,-2.6269991397857666,744
2017,02,grib,299.7742004394531,298.4959716796875,290.7005310058594,3.9444456100463863,-1.2782591581344604,672
2017,03,grib,300.2567749023437,299.4571228027344,292.0347900390625,3.84782600402832,-0.7996490001678467,744
2017,04,grib,301.6171569824219,301.1025695800781,294.4129638671875,3.707008123397827,-0.5145634412765503,720
2017,05,grib,302.76226806640625,302.2138671875,297.2101745605469,4.407741546630859,-0.5484090447425842,744
2017,06,grib,303.04071044921875,301.1290283203125,298.0154113769531,5.843245506286621,-1.9116746187210083,720
2017,07,grib,301.47711181640625,299.8810119628906,297.36474609375,7.961153507232666,-1.5960657596588137,744
2017,08,grib,301.0970764160156,299.6595153808594,297.1610412597656,6.154624938964844,-1.43759024143219,744
2017,09,grib,301.74676513671875,300.24078369140625,296.96600341796875,3.7590019702911377,-1.5059915781021118,720
2017,10,grib,302.4535827636719,300.8249816894531,296.5335998535156,2.5117757320404053,-1.6285967826843262,744
2017,11,grib,301.3093566894531,299.4813232421875,292.4518127441406,3.687154531478882,-1.828040361404419,720
2017,12,grib,299.7794494628906,297.6184387207031,291.26123046875,3.7227513790130615,-2.1610238552093506,744
2018,01,grib,299.4319152832031,297.2902526855469,290.10614013671875,3.3627185821533203,-2.1416733264923096,744
2018,02,grib,299.67169189453125,298.4617919921875,291.0511169433594,3.3109042644500732,-1.2098701000213623,672
2018,03,grib,300.52911376953125,300.0175476074219,292.8598937988281,3.726496458053589,-0.5115712881088257,744
2018,04,grib,301.9540100097656,301.2381591796875,295.2014465332031,3.4474101066589355,-0.7158811092376709,720
2018,05,grib,302.9859313964844,302.3137512207031,297.15057373046875,4.266347408294678,-0.6722068786621094,744
2018,06,grib,302.86663818359375,301.24334716796875,297.96649169921875,6.019721984863281,-1.6232870817184448,720
2018,07,grib,301.2836303710937,299.7281494140625,297.19891357421875,8.424930572509766,-1.5554605722427368,744
2018,08,grib,300.24920654296875,299.0208740234375,296.5148010253906,7.99952507019043,-1.228322148323059,744
2018,09,grib,301.12799072265625,299.5624694824219,296.0501708984375,3.902308940887451,-1.5654878616333008,720
2018,10,grib,302.6997375488281,301.46185302734375,295.8041687011719,2.3305630683898926,-1.2378658056259155,744
2018,11,grib,302.2174072265625,300.5432434082031,293.8622741699219,2.8845880031585693,-1.674134612083435,720
2018,12,grib,300.6859436035156,297.929931640625,289.8059387207031,4.087441921234131,-2.756016492843628,744
2019,01,grib,299.4564514160156,296.7348022460937,288.6454467773437,4.384701251983643,-2.721631526947021,744
2019,02,grib,298.9051208496094,297.1459655761719,289.7030334472656,3.900049209594727,-1.7591629028320312,672
2019,03,grib,299.46661376953125,298.8969116210937,291.52325439453125,3.797310113906861,-0.5696795582771301,744
2019,04,grib,301.3092956542969,301.2843017578125,294.9123229980469,3.8016862869262695,-0.0250037293881177,720
2019,05,grib,302.4018249511719,301.7511291503906,296.1958923339844,4.152345657348633,-0.6506879925727844,744
2019,06,grib,302.5750427246094,301.4931030273437,297.9062194824219,5.13372278213501,-1.0819741487503052,720
2019,07,grib,301.8591613769531,300.0770263671875,297.6983642578125,6.813229560852051,-1.78214430809021,744
2019,08,grib,301.1289978027344,299.6483459472656,297.120849609375,6.971577167510986,-1.48065185546875,744
2019,09,grib,301.37451171875,299.60357666015625,297.1842346191406,5.389199733734131,-1.77092182636261,720
2019,10,grib,302.2973937988281,300.3008728027344,296.6800537109375,3.357138633728028,-1.9965018033981323,744
2019,11,grib,301.5399169921875,299.8315124511719,295.1682434082031,3.047081232070923,-1.708423137664795,720
2019,12,grib,301.0330505371094,298.74542236328125,293.1536560058594,3.9644365310668954,-2.287642240524292,744
2020,01,grib,299.9471740722656,296.7574462890625,290.4264831542969,3.930081605911255,-3.189711809158325,744
2020,02,grib,299.7987670898437,298.3884582519531,291.1468811035156,3.6302428245544434,-1.4102810621261597,696
2020,03,grib,300.4035949707031,298.98388671875,292.0221252441406,3.74937891960144,-1.4197351932525637,744
2020,04,grib,301.8245544433594,301.4920959472656,295.8713684082031,3.530829429626465,-0.3324815034866333,720
2020,05,grib,303.1226806640625,302.42645263671875,297.5184020996094,4.271486759185791,-0.6962311267852783,744
2020,06,grib,303.0240173339844,300.8651123046875,298.0326232910156,4.381974220275879,-2.158928155899048,720
2020,07,grib,302.3772277832031,300.31427001953125,297.8086242675781,5.712406158447266,-2.062974452972412,744
2020,08,grib,301.4431457519531,299.6496887207031,297.40655517578125,7.738580703735352,-1.793451905250549,744
2020,09,grib,302.09930419921875,300.21697998046875,297.1311950683594,3.124287843704224,-1.8823028802871704,720
2020,10,grib,302.32177734375,300.5976257324219,296.66998291015625,2.858241558074951,-1.724173903465271,744
2020,11,grib,301.4357604980469,299.8480224609375,293.3360290527344,3.792997121810913,-1.587733268737793,720
2020,12,grib,300.7018127441406,298.26983642578125,291.95849609375,3.725089550018311,-2.431962013244629,744
2021,01,grib,300.2844543457031,297.8713684082031,291.4375,4.024503231048584,-2.413087844848633,744
2021,02,grib,300.3146057128906,298.54669189453125,291.069580078125,3.732986450195313,-1.767907977104187,672
2021,03,grib,301.2267150878906,300.5986328125,293.1535949707031,3.650045394897461,-0.6280826330184937,744
2021,04,grib,302.3193054199219,301.4095764160156,295.41387939453125,3.331820249557495,-0.9097327589988708,720
2021,05,grib,303.24932861328125,302.0600280761719,297.1366271972656,4.011772155761719,-1.1893212795257568,744
2021,06,grib,302.97442626953125,300.68463134765625,297.5527648925781,5.284665584564209,-2.289801359176636,720
2021,07,grib,302.0729675292969,300.2854919433594,297.4428405761719,7.349375247955322,-1.7874512672424316,744
2021,08,grib,301.3229675292969,299.5521545410156,296.8078918457031,5.199525833129883,-1.770800232887268,744
2021,09,grib,301.4432678222656,299.5567932128906,297.0895080566406,5.54771614074707,-1.8864835500717163,720
2021,10,grib,302.28094482421875,300.5756530761719,295.5406494140625,3.202221393585205,-1.705280900001526,744
2021,11,grib,301.4869689941406,300.04547119140625,294.6488342285156,3.537775993347168,-1.441488265991211,720
2021,12,grib,300.43328857421875,297.5584716796875,292.1014404296875,3.7181456089019775,-2.8748316764831543,744
2022,01,grib,299.7396240234375,296.2752380371094,289.7527770996094,3.8256800174713135,-3.4643850326538086,744
2022,02,grib,299.3970031738281,297.362060546875,289.98516845703125,3.583411693572998,-2.034940481185913,672
2022,03,grib,300.4648132324219,300.46832275390625,293.07977294921875,3.665908098220825,0.0035047633573412,744
2022,04,grib,302.20220947265625,301.77178955078125,295.6656799316406,3.0044500827789307,-0.4304255545139313,720
2022,05,grib,302.9105834960937,302.2075500488281,296.91619873046875,4.966484546661377,-0.7030905485153198,744
2022,06,grib,302.9888000488281,300.9523620605469,297.3919372558594,4.483083248138428,-2.03640079498291,720
2022,07,grib,301.3660583496094,299.6952819824219,297.1055603027344,7.480258941650391,-1.6707655191421509,744
2022,08,grib,300.88970947265625,299.4673156738281,296.8253479003906,6.854450225830078,-1.4224154949188232,744
2022,09,grib,301.57916259765625,299.5875549316406,296.6757507324219,3.9341423511505127,-1.991621851921081,720
2022,10,grib,302.08135986328125,300.1116027832031,295.145751953125,2.8486952781677246,-1.969773530960083,744
2022,11,grib,301.1083374023437,299.2832946777344,292.2441711425781,3.540339469909668,-1.825015425682068,720
2022,12,grib,300.40338134765625,298.60382080078125,292.2467346191406,3.648500442504883,-1.7995927333831787,744
2023,01,grib,299.302001953125,296.6126403808594,289.5038452148437,4.232518196105957,-2.6893765926361084,744
2023,02,grib,299.6241149902344,298.618408203125,290.6650390625,4.116847991943359,-1.0057293176651,672
2023,03,grib,300.9521789550781,299.6205139160156,292.5206298828125,3.1553704738616943,-1.3316612243652344,744
2023,04,grib,301.7976989746094,301.0282592773437,294.7326965332031,3.534199953079224,-0.7694242596626282,720
2023,05,grib,303.1385803222656,302.3145751953125,296.67120361328125,3.842214584350586,-0.8240354061126709,744
2023,06,grib,303.0592956542969,301.7459411621094,297.90350341796875,6.4398274421691895,-1.3133548498153689,720
2023,07,grib,301.6051025390625,299.8563842773437,297.61883544921875,7.743653774261475,-1.7487212419509888,744
2023,08,grib,301.18475341796875,299.9198913574219,297.1508178710937,6.070661544799805,-1.2648348808288574,744
2023,09,grib,302.145263671875,300.26861572265625,297.3898620605469,4.518888473510742,-1.8766679763793943,720
2023,10,grib,302.4850769042969,301.2046203613281,295.9808959960937,2.803212881088257,-1.2804540395736694,744
2023,11,grib,302.46923828125,300.52911376953125,294.3895568847656,2.840768814086914,-1.94010591506958,720
2023,12,grib,301.3598327636719,299.0175170898437,292.72198486328125,3.624986886978149,-2.342306137084961,744
2024,01,grib,300.6164245605469,297.9396667480469,290.6068115234375,3.9014081954956055,-2.6767587661743164,744
2024,02,grib,300.22576904296875,298.6686096191406,290.95086669921875,3.958575487136841,-1.55712890625,696
2024,03,grib,300.4156494140625,299.6024169921875,292.0014038085937,4.175207138061523,-0.8132055401802063,744
2024,04,grib,301.7965393066406,301.8265075683594,294.9312744140625,4.111928462982178,0.0299653802067041,720
2024,05,grib,303.03094482421875,302.6229858398437,297.5824890136719,4.4657979011535645,-0.4079663753509521,744
2024,06,grib,303.8256225585937,301.7123413085937,298.4776611328125,4.963916778564453,-2.113264560699463,720
2024,07,grib,301.9276428222656,300.3503112792969,298.063232421875,8.4861478805542,-1.577340602874756,744
2024,08,grib,301.55377197265625,300.19903564453125,297.5893859863281,5.997599124908447,-1.354721188545227,744
2024,09,grib,301.92578125,299.9771728515625,296.9819030761719,4.772480487823486,-1.948615312576294,720
2024,10,grib,302.73712158203125,300.92999267578125,297.1153259277344,2.5618555545806885,-1.8071407079696653,744
2024,11,grib,302.29736328125,300.1525573730469,292.67608642578125,3.5041253566741943,-2.14480209350586,720
2024,12,grib,300.4981384277344,298.10504150390625,291.4293518066406,3.832131385803223,-2.393092393875122,744
2025,01,nc,300.1476745605469,298.0345458984375,291.1766357421875,4.028027534484863,-2.113110065460205,744
2025,02,nc,300.4529724121094,299.35943603515625,291.2490539550781,4.039638996124268,-1.0935585498809814,672
2025,03,nc,301.461181640625,300.95294189453125,292.5433044433594,3.9716851711273193,-0.508217453956604,744
2025,04,nc,302.37359619140625,301.9473571777344,295.5393981933594,3.4878275394439697,-0.4262664914131164,720
2025,05,nc,303.29962158203125,301.66192626953125,297.37750244140625,3.960304260253906,-1.63770854473114,744
2025,06,nc,302.6693725585937,301.0793762207031,297.97705078125,7.00862979888916,-1.589972972869873,720
2025,07,nc,301.344482421875,299.9031066894531,297.3919372558594,7.9264702796936035,-1.441382646560669,744
2025,08,nc,300.9384155273437,299.43115234375,296.9776611328125,6.325162410736084,-1.5072546005249023,744
2025,09,nc,301.1731262207031,299.413818359375,296.6005859375,4.6991801261901855,-1.7593188285827637,720
2025,10,nc,301.7964782714844,300.3041687011719,296.4075927734375,4.263546466827393,-1.4922691583633425,744
2025,11,nc,300.9579162597656,298.8052978515625,292.18853759765625,3.27117919921875,-2.1526169776916504,720
2025,12,nc,300.3538818359375,297.8748474121094,289.8261108398437,3.469665765762329,-2.4790563583374023,744
